"1.2.1.2 Proportion of population living below the national poverty line, by age group"

"Geolocation";"Age Group";"2000";"2001";"2002";"2003";"2004";"2005";"2006";"2007";"2008";"2009";"2010";"2011";"2012";"2013";"2014";"2015";"2016";"2017";"2018";"2019";"2020";"2021";"2022";"2023";"2024";"2025"
"PHILIPPINES";"Children";..;..;..;..;..;..;..;..;..;..;..;..;..;..;..;33.5;..;..;23.9;..;..;26.3;..;23.4;..;...
"PHILIPPINES";"Youth";..;..;..;..;..;..;..;..;..;..;..;..;..;..;..;20.5;..;..;14.7;..;..;16.5;..;14.1;..;...
"PHILIPPINES";"Senior Citizen";..;..;..;..;..;..;..;..;..;..;..;..;..;..;..;14.4;..;..;9.1;..;..;10.2;..;7.8;..;...
"..National Capital Region (NCR)";"Children";..;..;..;..;..;..;..;..;..;..;..;..;..;..;..;7.2;..;..;4.3;..;..;6.3;..;3.6;..;...
"..National Capital Region (NCR)";"Youth";..;..;..;..;..;..;..;..;..;..;..;..;..;..;..;3.5;..;..;1.8;..;..;3.1;..;1.4;..;...
"..National Capital Region (NCR)";"Senior Citizen";..;..;..;..;..;..;..;..;..;..;..;..;..;..;..;2.1;..;..;0.9;..;..;1.7;..;0.6;..;...
"..Cordillera Administrative Region (CAR)";"Children";..;..;..;..;..;..;..;..;..;..;..;..;..;..;..;31.8;..;..;16.5;..;..;13.7;..;10.2;..;...
"..Cordillera Administrative Region (CAR)";"Youth";..;..;..;..;..;..;..;..;..;..;..;..;..;..;..;18.9;..;..;10.8;..;..;9.2;..;6.3;..;...
"..Cordillera Administrative Region (CAR)";"Senior Citizen";..;..;..;..;..;..;..;..;..;..;..;..;..;..;..;15.5;..;..;7.2;..;..;6.3;..;3.7;..;...
"..Region I";"Children";..;..;..;..;..;..;..;..;..;..;..;..;..;..;..;26.6;..;..;15.3;..;..;21.4;..;19.6;..;...
"..Region I";"Youth";..;..;..;..;..;..;..;..;..;..;..;..;..;..;..;16.2;..;..;7.8;..;..;12.5;..;9.4;..;...
"..Region I";"Senior Citizen";..;..;..;..;..;..;..;..;..;..;..;..;..;..;..;10.3;..;..;5.0;..;..;7.9;..;4.9;..;...
"..Region II";"Children";..;..;..;..;..;..;..;..;..;..;..;..;..;..;..;25.1;..;..;23.0;..;..;21.4;..;15.6;..;...
"..Region II";"Youth";..;..;..;..;..;..;..;..;..;..;..;..;..;..;..;15.0;..;..;14.8;..;..;14.5;..;9.8;..;...
"..Region II";"Senior Citizen";..;..;..;..;..;..;..;..;..;..;..;..;..;..;..;9.8;..;..;6.7;..;..;9.2;..;5.7;..;...
"..Region III";"Children";..;..;..;..;..;..;..;..;..;..;..;..;..;..;..;16.9;..;..;11.2;..;..;18.0;..;13.5;..;...
"..Region III";"Youth";..;..;..;..;..;..;..;..;..;..;..;..;..;..;..;8.6;..;..;5.5;..;..;9.4;..;6.7;..;...
"..Region III";"Senior Citizen";..;..;..;..;..;..;..;..;..;..;..;..;..;..;..;6.6;..;..;3.3;..;..;6.2;..;4.6;..;...
"..Region IV-A";"Children";..;..;..;..;..;..;..;..;..;..;..;..;..;..;..;19.6;..;..;11.4;..;..;16.4;..;13.4;..;...
"..Region IV-A";"Youth";..;..;..;..;..;..;..;..;..;..;..;..;..;..;..;10.0;..;..;5.2;..;..;8.7;..;6.8;..;...
"..Region IV-A";"Senior Citizen";..;..;..;..;..;..;..;..;..;..;..;..;..;..;..;7.5;..;..;4.2;..;..;5.6;..;3.2;..;...
"..MIMAROPA Region";"Children";..;..;..;..;..;..;..;..;..;..;..;..;..;..;..;35.4;..;..;21.0;..;..;29.5;..;33.0;..;...
"..MIMAROPA Region";"Youth";..;..;..;..;..;..;..;..;..;..;..;..;..;..;..;21.3;..;..;13.0;..;..;18.8;..;20.6;..;...
"..MIMAROPA Region";"Senior Citizen";..;..;..;..;..;..;..;..;..;..;..;..;..;..;..;12.1;..;..;6.9;..;..;10.1;..;10.2;..;...
"..Region V";"Children";..;..;..;..;..;..;..;..;..;..;..;..;..;..;..;50.8;..;..;35.4;..;..;39.9;..;37.9;..;...
"..Region V";"Youth";..;..;..;..;..;..;..;..;..;..;..;..;..;..;..;36.7;..;..;24.3;..;..;26.2;..;25.2;..;...
"..Region V";"Senior Citizen";..;..;..;..;..;..;..;..;..;..;..;..;..;..;..;22.6;..;..;14.9;..;..;16.7;..;14.7;..;...
"..Region VI";"Children";..;..;..;..;..;..;..;..;..;..;..;..;..;..;..;29.0;..;..;20.6;..;..;25.1;..;21.2;..;...
"..Region VI";"Youth";..;..;..;..;..;..;..;..;..;..;..;..;..;..;..;18.3;..;..;12.2;..;..;17.2;..;11.8;..;...
"..Region VI";"Senior Citizen";..;..;..;..;..;..;..;..;..;..;..;..;..;..;..;9.3;..;..;7.4;..;..;9.1;..;6.6;..;...
"..NIR";"Children";..;..;..;..;..;..;..;..;..;..;..;..;..;..;..;49.2;..;..;29.4;..;..;33.4;..;40.7;..;...
"..NIR";"Youth";..;..;..;..;..;..;..;..;..;..;..;..;..;..;..;33.6;..;..;18.6;..;..;20.3;..;25.8;..;...
"..NIR";"Senior Citizen";..;..;..;..;..;..;..;..;..;..;..;..;..;..;..;24.0;..;..;12.8;..;..;11.0;..;16.6;..;...
"..Region VII";"Children";..;..;..;..;..;..;..;..;..;..;..;..;..;..;..;36.0;..;..;22.6;..;..;36.9;..;25.7;..;...
"..Region VII";"Youth";..;..;..;..;..;..;..;..;..;..;..;..;..;..;..;20.4;..;..;12.8;..;..;25.1;..;14.9;..;...
"..Region VII";"Senior Citizen";..;..;..;..;..;..;..;..;..;..;..;..;..;..;..;19.8;..;..;11.9;..;..;20.8;..;10.9;..;...
"..Region VIII";"Children";..;..;..;..;..;..;..;..;..;..;..;..;..;..;..;52.5;..;..;40.0;..;..;39.0;..;37.7;..;...
"..Region VIII";"Youth";..;..;..;..;..;..;..;..;..;..;..;..;..;..;..;37.1;..;..;27.4;..;..;27.3;..;25.0;..;...
"..Region VIII";"Senior Citizen";..;..;..;..;..;..;..;..;..;..;..;..;..;..;..;26.9;..;..;18.5;..;..;15.8;..;14.9;..;...
"..Region IX";"Children";..;..;..;..;..;..;..;..;..;..;..;..;..;..;..;46.7;..;..;39.9;..;..;38.1;..;39.9;..;...
"..Region IX";"Youth";..;..;..;..;..;..;..;..;..;..;..;..;..;..;..;33.9;..;..;31.4;..;..;28.9;..;29.7;..;...
"..Region IX";"Senior Citizen";..;..;..;..;..;..;..;..;..;..;..;..;..;..;..;26.5;..;..;22.4;..;..;20.7;..;20.6;..;...
"..Region X";"Children";..;..;..;..;..;..;..;..;..;..;..;..;..;..;..;50.5;..;..;31.6;..;..;35.6;..;35.0;..;...
"..Region X";"Youth";..;..;..;..;..;..;..;..;..;..;..;..;..;..;..;35.1;..;..;20.5;..;..;24.3;..;23.1;..;...
"..Region X";"Senior Citizen";..;..;..;..;..;..;..;..;..;..;..;..;..;..;..;25.5;..;..;12.4;..;..;15.1;..;13.1;..;...
"..Region XI";"Children";..;..;..;..;..;..;..;..;..;..;..;..;..;..;..;34.2;..;..;26.9;..;..;24.2;..;24.2;..;...
"..Region XI";"Youth";..;..;..;..;..;..;..;..;..;..;..;..;..;..;..;20.2;..;..;16.6;..;..;15.1;..;14.3;..;...
"..Region XI";"Senior Citizen";..;..;..;..;..;..;..;..;..;..;..;..;..;..;..;14.6;..;..;10.9;..;..;10.5;..;7.6;..;...
"..Region XII";"Children";..;..;..;..;..;..;..;..;..;..;..;..;..;..;..;48.7;..;..;35.0;..;..;36.9;..;32.1;..;...
"..Region XII";"Youth";..;..;..;..;..;..;..;..;..;..;..;..;..;..;..;33.2;..;..;25.0;..;..;25.5;..;21.3;..;...
"..Region XII";"Senior Citizen";..;..;..;..;..;..;..;..;..;..;..;..;..;..;..;24.7;..;..;15.9;..;..;15.2;..;11.6;..;...
"..Region XIII";"Children";..;..;..;..;..;..;..;..;..;..;..;..;..;..;..;50.4;..;..;39.8;..;..;44.1;..;29.2;..;...
"..Region XIII";"Youth";..;..;..;..;..;..;..;..;..;..;..;..;..;..;..;35.7;..;..;27.9;..;..;31.1;..;18.9;..;...
"..Region XIII";"Senior Citizen";..;..;..;..;..;..;..;..;..;..;..;..;..;..;..;30.3;..;..;18.8;..;..;19.5;..;10.1;..;...
"..Bangsamoro Autonomous Region in Muslim Mindanao (BARMM)";"Children";..;..;..;..;..;..;..;..;..;..;..;..;..;..;..;68.3;..;..;67.2;..;..;42.4;..;40.1;..;...
"..Bangsamoro Autonomous Region in Muslim Mindanao (BARMM)";"Youth";..;..;..;..;..;..;..;..;..;..;..;..;..;..;..;56.2;..;..;57.5;..;..;32.9;..;29.6;..;...
"..Bangsamoro Autonomous Region in Muslim Mindanao (BARMM)";"Senior Citizen";..;..;..;..;..;..;..;..;..;..;..;..;..;..;..;41.0;..;..;43.2;..;..;23.8;..;18.3;..;...
